room,occupancy,raw_peak,raw_peak_dist,raw_near,raw_mid,raw_far,raw_mean,raw_std,res_peak,res_peak_dist,res_near,res_mid,res_far,res_mean,res_std
room1,empty,0.01196152326,210.0208333,0.0007142808433222561,0.003178449499334222,0.004334188929892433,0.002936386120766017,0.0030175310237790004,5.119999046450573,264.5625,0.17253568928243637,1.0854544561005735,2.91009445866679,1.5171222607950035,2.154013107576947
room1,empty,0.001188995766,210.0208333,0.00013423923906396342,0.00030361807125233494,0.0005853094471761159,0.00036248597079905834,0.0004461076228318306,6.459860886615014,296.4375,0.2526477739385205,2.0815403806079633,4.979497764804579,2.663547158218386,2.951577940658363
room1,empty,0.03938693566,296.4375,0.0012688092069543292,0.008470214649352359,0.02705828563937054,0.013441376998037017,0.020570662560642168,15.942300190437056,296.4375,0.4099591166400705,2.685552401409684,10.213951836532711,4.87415935935192,8.848457762498377
room1,empty,0.02030373059,264.5625,0.0002565234014776524,0.003889985962948962,0.0034081981980660717,0.0027169720972571917,0.00352619263291034,5.666850694689868,264.9166667,0.1922948580045886,1.3134234865201986,3.591957731655323,1.857634446243045,2.54148683850009
room1,empty,0.01019239202,172.4791667,0.0004894547553857926,0.003882848177029481,0.011095980814707588,0.005648223493180032,0.004857012891656473,3.9771569476331257,172.8333333,0.15670393421308143,0.7859199120554173,3.1719089639099147,1.5047034574708578,1.9783918436016967
room1,person,0.006708147115,299.9791667,0.0006809194058207988,0.0031504372309044807,0.010891836198785714,0.005365557973390602,0.004844180367921186,2.461329093818712,280.8541667,0.1687502855611919,0.6709247555812997,2.4877953481188393,1.2119620883231517,1.5572073241238074
room1,person,0.001988570101,202.2291667,0.00014945227653978657,0.00041311784706554245,0.0007835424440810714,0.00047934110734096667,0.0004560817672878106,5.045510145976839,296.4375,0.21172021623529855,1.6153358310856178,3.8929458098845156,2.081988621778119,2.329096363582386
room1,person,0.006269809017,172.125,0.0005825857071116158,0.0024732721242260143,0.007780170494948661,0.0039377265619512,0.0034086478640968448,3.2295344541326063,280.8541667,0.16421600783591347,0.8533045181100225,1.9651621311068657,1.0800471674872543,1.6033219363320066
room1,person,0.04529592061,288.6458333,0.005520014242497034,0.009228373332609197,0.033162111363753126,0.017150017379605604,0.026181939447973687,16.673989554762592,288.6458333,2.314358598821038,3.4740647328143295,12.671529879308926,6.5907987108808115,10.569873298857765
room1,person,0.009513467899,272.0,0.0007335221675857013,0.0029180573595570755,0.00884367635308125,0.0045331821646672574,0.00534781185547976,3.294202639326101,296.0833333,0.17330931703910918,0.8311597719693601,2.996522843265995,1.459749527572502,2.036627535947363
room1,person,0.001760621232,223.4791667,0.00017412034056856404,0.0003794134153685613,0.0007592691223542632,0.0004651127721978909,0.0006155149188956806,5.19520844231476,296.4375,0.22093271435946704,1.6314608569894946,3.9040460553149843,2.0943483053788032,2.333372291502857
room2,empty,0.002703132949,299.9791667,0.0002875831603033232,0.0015781573121915094,0.00438900352072991,0.0022747829618630752,0.0018600637901775166,5.002501533940415,278.375,0.32156441635080935,1.474329623999187,3.2799708547186057,1.8333465267105469,1.7424262767753231
room2,empty,0.03051185934,278.375,0.0014360013011064329,0.006043675354235613,0.02301767186028348,0.011121203141971509,0.011156420280499492,4.797972746621423,295.7291667,0.18334354997660596,1.0570439722832359,1.4917819079811756,0.9805346861799878,1.0310840174809983
room2,empty,0.0596302854,285.1041667,0.0028782630035259146,0.012527753495337735,0.01976258483904018,0.012591229795891416,0.013393052451418239,5.81493976465248,285.1041667,0.2265270096108895,0.7802430909474362,1.8875444204795992,1.042286525074121,1.2667575881922792
room2,empty,0.004473500654,200.4583333,0.0003525472848778354,0.0014147687215582546,0.003571735450515045,0.0019296957743428086,0.0022476987884889744,5.173685429312118,295.7291667,0.3115399643231076,1.4995417098912742,3.4060814521798943,1.8865960698903934,1.7519165390408808
room2,empty,0.1495834924,206.125,0.0065867249487246956,0.0332793137248408,0.08008864451931474,0.04345882295597266,0.05182496351949534,18.70362071907337,206.125,0.6840938973158859,3.483326169142818,8.643651621858048,4.644724183857143,6.249615205022286
room2,empty,0.04754268976,292.8958333,0.002687896110775915,0.011952219277107311,0.023040789678562497,0.013559703894853333,0.016325269484409065,4.1645793042569395,292.8958333,0.26165570360727436,0.8085775811215669,2.250080440345866,1.1972466687113987,1.557246912290738
room2,person,0.04829191119,186.6458333,0.003485835125552439,0.006459526365916982,0.006488657052883928,0.0056575928833516665,0.0049944151889782604,5.216848803192561,186.6458333,0.29993338018055915,1.1150105855559669,2.4856120276174165,1.403914021122963,1.4141037341758296
room2,person,0.5862973384,282.2708333,0.027246985719814636,0.1464924792803585,0.2982659400210491,0.17056080305033433,0.1739958272177087,72.77290429600993,282.2708333,3.1996308029920466,17.413291370440696,35.05620518360292,20.114911972251956,21.650831500040194
room2,person,0.6439623137,135.6458333,0.09750727852275305,0.21148262024198114,0.5001372966421875,0.2880937726948025,0.2008936998890112,82.26890349800483,135.6458333,12.233470239052965,25.762920417447898,61.014759789314496,35.22555740085014,24.665179015210928
room2,person,0.1897633646,237.2916667,0.013136085953222257,0.03150810546914151,0.04513402098013392,0.03157342859222742,0.024111592719099285,23.873412820934544,237.2916667,1.435128442974052,2.8028083530396097,2.612896790400112,2.358075527569612,2.754699095417689
room2,person,0.3315987875,210.0208333,0.020375680415994513,0.10611036729138208,0.26350754121013614,0.1414378311417777,0.17628766917338065,41.539114240785615,210.0208333,2.3274000138732305,12.219472373277537,30.7530840415343,16.434854284522885,21.597847704959932
room2,person,0.08095930305,284.3958333,0.0021499888037908536,0.018503822349776416,0.07352867946568302,0.03457638783714549,0.06018711694941302,8.574333074078192,264.9166667,0.197300289522777,1.6823922110068683,7.127265749595703,3.309219873541049,6.812636979951254
room3,empty,0.0006095399406,299.9791667,6.510101448621951e-05,0.0003558648177283019,0.0009896934392185266,0.0005130187301984835,0.0004193511196488299,4.309601126268358,258.8958333,0.643194549110016,1.5137129722346296,6.482966946978297,3.130959420484871,4.221950393199582
room3,empty,0.02040164604,284.75,0.0004329691193148171,0.004220700102158254,0.00871602172475692,0.004863640372617883,0.006792220314953352,9.979239340900188,284.75,0.44413607947180844,1.488535388513008,6.1529260072743455,2.9444387417126463,4.350590321629612
room3,empty,0.00224373284,225.9583333,0.0002425694338152744,0.0006075212548703539,0.001714358007186607,0.0009209868113133666,0.0011548758224776978,3.749630956381582,259.9583333,0.5264401959120528,1.348151208301041,6.027786407493262,2.87061400594648,4.0676326949276636
room3,empty,0.005243333027,299.9791667,0.0007879794368654269,0.0030611902973254716,0.008513457365075892,0.004475359034093217,0.0035623517890590144,2.0389177963934935,258.8958333,0.3096459145385302,0.5699900755419783,3.013569041362371,1.4110988187739824,2.7337717816312694
room3,empty,0.02482284555,258.5416667,0.003323369874560061,0.004849893672848348,0.017460873000867856,0.009140742783776834,0.014069429182019552,11.761859414402865,258.5416667,1.5090533467322347,1.7708448275909978,6.081110836522988,3.3084544661575452,5.76896450754266
room3,empty,0.01363685368,273.0625,0.001404611074061067,0.0028452212815478772,0.02766901616372277,0.011719004580846775,0.02481223362303616,6.315272648271564,273.0625,0.4582387176252167,0.940481359158266,11.7624767446628,4.848879981060925,12.088955750302663
room3,person,0.04059853226,46.75,0.008313458079428659,0.0050219611494207545,0.01491894382155915,0.009616510507887916,0.011635320461535679,21.71858978755752,46.39583333,4.062408957564186,1.7424731228062469,5.0689929299513565,3.618489645640925,5.356244035520482
room3,person,2.605800342,299.9791667,0.29131725601820424,0.3249398833562524,0.8399171294515625,0.5080078704261016,0.4492859388441056,1426.2981497724154,299.9791667,159.1400993256034,176.68852969549272,454.53114344213327,275.6198678598021,244.6256411999296
room3,person,0.1127696837,290.7708333,0.01200980517928567,0.016584655096013208,0.06786715711778571,0.03447966354023608,0.04784227693779268,60.43767862516468,290.7708333,6.049919913198007,7.669257919815763,31.262431290775936,16.034756923165375,23.609461085423966
room3,person,2.417874866,165.75,0.08494286225731708,0.6510632943014315,1.0229889405215624,0.6351759507982225,0.9810973878661511,1324.9640823185025,165.75,45.999557068338376,355.48526787021285,555.1213807464322,345.4233223914891,537.7760575565712
room3,person,7.132396098,262.7916667,0.3027732634136097,1.8954493257733491,14.346707215775893,6.10858748099597,7.6399977232388565,3908.2312296373557,262.7916667,165.42074134414017,1037.7046982525765,7859.494358265765,3346.0818897691943,4185.866257944499
room3,person,0.6318225076,171.4166667,0.024725009362710368,0.11952062118402358,0.3761126378630335,0.18940417351302835,0.26170953169793615,344.9724919436942,171.4166667,12.986386893190915,64.06946400484378,200.2549477559035,100.94933686138761,142.33158993180237
sim1,empty,0.0476677414215476,203.6458333,0.000750176522133367,0.012066744400260638,0.01742708852713603,0.010974744320939332,0.017010596775619797,14.953097588776476,203.6458333,0.41030448798107827,1.5323566802671564,2.1314305876117214,1.4493166731175993,2.710862479575846
sim1,empty,0.0491579122517217,209.3125,0.0007052072444323809,0.012097980394289172,0.01715172551114066,0.010870687243619538,0.016865306657284432,12.13363192234416,209.3125,0.37734338344590085,1.3713743210652805,2.2559234635276906,1.4299042113019498,2.5795407438730127
sim1,empty,0.0481336909090058,213.2083333,0.0007202511271895948,0.012025389912245292,0.017301757409791296,0.010905162510080576,0.016865921116364285,11.77532825905186,205.4166667,0.36787613837510424,1.4878123019072287,2.1320300522165403,1.4222043773239241,2.529720263411347
sim1,empty,0.0524426354668954,216.0416667,0.0007323796080622622,0.011991856781568382,0.017296461988973947,0.010894652298241454,0.016890793136830767,15.316311095781236,218.1666667,0.38114934024956226,1.5757707874028943,1.9296724633169942,1.3813642175222476,2.447947437066128
sim1,empty,0.0466848123855366,213.9166667,0.0007722314044172833,0.012007471328222656,0.017616159285933904,0.011030415919928054,0.017107144188968984,11.995114653432118,210.0208333,0.3838260951171381,1.4689834159750281,2.2825763360735385,1.476115105110649,2.6703809713410984
sim1,empty,0.0485243585093126,210.7291667,0.0007557857519149795,0.01200462926676163,0.017137789681174728,0.010846325260751103,0.016733788086466198,13.149889906307733,210.7291667,0.3890841416208659,1.4185529262432495,2.0057651568117043,1.3563906911920214,2.3142967743430187
sim1,person,0.063472177769022,211.7916667,0.0007275180715067564,0.015064731405048102,0.0170301450551685,0.011879647523258418,0.018137849612389186,25.348547519124565,206.125,0.3897296689421721,3.802522803596284,2.1677578065745533,2.2593804145693808,4.23260636415267
sim1,person,0.0590622033891188,208.25,0.0007726370780875225,0.015344039405116498,0.01720032853346324,0.012054204043644694,0.018179878090927627,22.276631573014406,202.2291667,0.37052330164790437,4.01971550018613,2.048578390387548,2.2863784449275446,4.011007163323041
sim1,person,0.0680817809561233,209.3125,0.0007134028174047494,0.01551139610165245,0.0172609185056797,0.012119766301461584,0.018344841405495107,31.354171515294098,210.7291667,0.38168351109115395,4.158406588906698,2.0565357149894887,2.341403821374691,4.358250047825793
sim1,person,0.0619445536027501,210.0208333,0.0007175669058672391,0.014302752416981805,0.017280871150321432,0.011701299371057284,0.01775453537553369,24.4204899116675,208.9583333,0.3818919307654732,2.949297222583029,1.9320351278308283,1.867761927445409,3.201203074641773
sim1,person,0.067012559906393,213.5625,0.0007047509176453798,0.015020687151884662,0.017204010226892344,0.011922771862528794,0.017967519843121126,30.360795209457184,213.5625,0.38473336320993673,3.7220595754028287,2.101360730128056,2.2047961751675227,3.9037030120980525
sim1,person,0.0643447926351641,212.8541667,0.0007274966921226351,0.014791986443202785,0.016978239630366352,0.011763893767781941,0.017824924121288378,26.64473645402125,217.8125,0.37942820188532916,3.3788078102343237,1.938656465603996,2.021320881956943,3.6956342658857593
sim2,empty,0.0085426381445575,72.25,0.003285749112523229,0.0011689302446431851,0.001985978888006957,0.002052558895386205,0.001639425631528015,5.0271779560208225,69.0625,1.0299079421322206,0.9976602622540569,0.9929720952171502,1.0047243790603098,0.7639294915433001
sim2,empty,0.0089962669447031,78.97916667,0.003311476996918109,0.0011817851588489302,0.001956287534205643,0.0020530484813876784,0.0016568347674832773,5.460699138168877,69.0625,1.0480151364012644,0.9137564304928232,0.9614445201249353,0.9682573635704523,0.7773457985412605
sim2,empty,0.0088532511665749,71.1875,0.0032974849911329286,0.0012017458174719427,0.0020006370813602592,0.0020728339301242502,0.0016411878308536588,4.2588020516018545,74.02083333,1.1578982562473472,0.9430431070672777,1.013863164804063,1.0282096693982297,0.7457586623760287
sim2,empty,0.0081202925513344,79.33333333,0.0032521086121926773,0.001212023034466323,0.0019827389945708093,0.002057380384150535,0.0016406913757633821,4.583881180311926,62.33333333,1.0646304984486128,0.9077569091229308,0.9819647256058397,0.9783399416922365,0.7528392020034729
sim2,empty,0.0086147176866705,78.625,0.00329963476770975,0.001192508100792764,0.001949208169129394,0.0020509574152624156,0.0016474784646264846,3.9447498567004375,78.625,1.0951384433064801,0.9917607830920082,1.0318790841834589,1.0349948426247721,0.7654450935080295
sim2,empty,0.0087252090922061,74.375,0.003297704692269018,0.0011971146732125588,0.001953734369419584,0.0020537472983386137,0.0016481487926801725,4.162920884698996,65.16666667,1.0034183167103972,0.9373554830067684,0.9769245316056612,0.9701851023626802,0.7321536729635738
sim2,person,0.0257532468211029,205.0625,0.0032570334757857644,0.007180852366384021,0.0019986222061299033,0.004173642609792294,0.00521468766524412,67.9076596431607,205.0625,1.0414916249503958,16.628622857104002,0.9663187760375285,6.520880130050533,14.474117453692983
sim2,person,0.023871830525238,204.0,0.0032644738619524026,0.006807030863670454,0.002011555263265501,0.0040484210590496705,0.004905979220184159,62.19893555607529,204.0,1.0493941770877024,15.668068406126515,1.006012020493179,6.198463066219461,13.580479392403374
sim2,person,0.0225070249209411,201.875,0.0033064850764743347,0.006374988839046087,0.00194880207757086,0.003883821419659057,0.0045364164908149,59.16310104069571,201.875,1.0765089183253491,14.48981984206302,0.9474825403869057,5.767708930282308,12.493778826552614
sim2,person,0.023978564563894,197.9791667,0.0032912689393302563,0.006917401091263354,0.0020054921140438397,0.004092478951573022,0.004982736875121033,63.25420964911868,197.9791667,1.0453685412161242,15.945312810803177,0.9684407015470529,6.2812957896604305,13.801142357023581
sim2,person,0.0226863791807004,196.9166667,0.0032654781958571764,0.006199098629472173,0.0019828891924294828,0.0038231908544548027,0.004373182466293552,59.91567557328887,196.9166667,0.9266050781465951,13.946954390777035,1.0209071788193973,5.5623346195271965,12.052705087195976
sim2,person,0.0219363673365378,196.9166667,0.003369186145733342,0.006482104341840892,0.0020000565161242267,0.003957942179970607,0.004582137157915444,57.87031767633085,196.9166667,1.0938934602718942,14.725351408518454,0.9763393275295622,5.866455059095208,12.652154956444157
sim3,empty,0.02478825938888,180.9791667,0.0007263804560269355,0.004568567025257449,0.014788780511273242,0.007333915731113672,0.010205220078129861,15.181433022054916,189.4791667,0.6355381437315605,1.2716495103800658,3.165910310655729,1.8049697689323887,2.645470283080599
sim3,empty,0.0241919542514057,180.625,0.0007698003241510769,0.004706330914430456,0.014837617930920676,0.007412693039243775,0.010237366461890166,7.874318162621907,182.75,0.6787484554919149,1.1803519133049352,3.0622201004233482,1.7458110913602505,2.6661460154087635
sim3,empty,0.0295403192880919,180.9791667,0.0007240307045023289,0.004614778432896404,0.014843560917355317,0.007370052848000017,0.01026027079310991,15.777798966722631,180.9791667,0.6453079751782694,1.1848026510478,3.0958595301417113,1.750802007838522,2.658234161039045
sim3,empty,0.0282090624901769,179.2083333,0.0007046970485580348,0.0046098988299165,0.014765619299460006,0.007333945984974761,0.01014778627241116,12.61492951599511,181.6875,0.6372119454216476,1.3459687841191135,2.8974333490249973,1.731455352440003,2.5656910937480344
sim3,empty,0.0275090337337057,178.1458333,0.0007204299158238384,0.004688231279718044,0.014765712251038138,0.007365958469546463,0.010222125187820568,11.257550808004739,180.2708333,0.7034550888751733,1.2188938533408236,3.029168235314121,1.7538430269902434,2.6308273610968618
sim3,empty,0.0272196289152464,182.0416667,0.0007263161847811296,0.004660368335523822,0.014736091907090484,0.007346664214372375,0.010203223225730345,12.251553955597318,184.1666667,0.6673948769345739,1.3705235536382294,3.1108998294746146,1.8280755249848142,2.703980772588199
sim3,person,0.0830300659474925,135.2916667,0.018546839336123826,0.007213723894173438,0.014613120637089158,0.013073883565661748,0.016086035744783334,154.3208753303091,135.2916667,33.684074136585814,5.748338752822037,3.106645706777212,12.397874353860734,27.719862417892937
sim3,person,0.0740096527730084,128.9166667,0.01852888237848628,0.005899651168840351,0.014735999360526176,0.01265054435770628,0.015090718263109926,137.35715618318034,128.9166667,33.67741829192731,3.099177108485855,3.1009506301576906,11.457891813384002,25.462070890429384
sim3,person,0.0810366789618841,133.875,0.018757981365963752,0.006622165406951126,0.014734153572432402,0.012967764017527588,0.015904616039839132,150.43455316219897,133.875,34.015723921928256,4.8684695525060695,3.101167791832676,12.175593089496735,27.33118154909514
sim3,person,0.0680016262900284,127.1458333,0.018013448702656146,0.006358132275447959,0.014897672550416926,0.012732013801539944,0.015206668005165588,127.05065694624663,127.1458333,32.67781981021296,4.27017203651821,3.062836566773967,11.584190519290258,25.541506785819923
sim3,person,0.0677493408997416,136.0,0.017509140909060653,0.0064765526849934335,0.014922789734565735,0.012645388631412135,0.01497026077686673,125.29655472814493,136.0,31.67965610512462,4.429393772736997,3.0764855308183243,11.372713066606645,24.931567046241845
sim3,person,0.0679755006848642,128.5625,0.01667498493939774,0.007064774965852016,0.014823045868779024,0.012587986829047266,0.014997973517897013,126.47208935497002,128.5625,30.12736491275808,5.394651765201798,3.1184674761793354,11.305151224298795,24.83590055917225
sim4,empty,0.033470970061545,267.0416667,0.0032917405848886722,0.012083597308275953,0.021848654453152597,0.01332611113797071,0.014135314323418689,8.730981297459412,282.9791667,0.5182078804977946,1.405579132840322,2.3124020392647977,1.5015782089318357,2.007694941118611
sim4,empty,0.0363478596332309,280.8541667,0.003187897681442483,0.012044323304588558,0.02208882960832736,0.013373515987657783,0.014432199558796448,10.49155938141034,280.8541667,0.5976401774673619,1.4092313211557919,2.3192237850362765,1.5271269283963353,2.0968026285875876
sim4,empty,0.0325366736504642,281.2083333,0.00339935297698827,0.012169452095191515,0.022128434033068103,0.013490311593023219,0.014430933917993384,9.076697538080364,156.1875,0.5873846057193507,1.2935124994935434,2.2275292756927323,1.4492038049762948,1.8994274320019726
sim4,empty,0.0328952884188666,283.3333333,0.003304888620635049,0.012171600458547309,0.02213567391150891,0.013467953311956956,0.014409631487502697,8.137792488518347,283.3333333,0.5331202600716166,1.3678656179999018,2.275966858218988,1.4787263498479626,2.011715364175025
sim4,empty,0.0331327802970622,150.1666667,0.003346705355093466,0.01190737453242973,0.022289224199926454,0.013443348833156593,0.014499620112908661,10.069352575948795,155.125,0.5118779456737909,1.27577355310815,2.3287916586246786,1.4601021798022624,2.011693816888039
sim4,empty,0.033284606917012,267.75,0.003200948207142532,0.01209924154017682,0.022154743923214506,0.013421095585481518,0.014385440795731048,9.101884999502147,154.7708333,0.5662907980009134,1.3254833779558026,2.0878901605047244,1.4026026049197304,1.8518654778802897
sim4,person,0.0389710673599796,261.7291667,0.0032520374112474395,0.01590336053089884,0.022147085738591168,0.014776322955732593,0.01489922408389003,18.972429388615783,253.2291667,0.5157765315367192,4.298598925398801,2.251579479138053,2.5004068778058195,3.5216987909363
sim4,person,0.039630835687371,258.5416667,0.0032670640540308285,0.015677515858124245,0.021992813757378105,0.014643036914060152,0.014610643044311342,16.548302532719052,258.5416667,0.6115080220700148,4.190664740113296,2.068108426162014,2.4199408799729873,3.246473821649908
sim4,person,0.0413600928894968,268.1041667,0.003319290271274152,0.01628390625167156,0.022099805594094215,0.014911513638200724,0.014828827386679363,18.214693449442784,256.4166667,0.5465918531976361,4.733980131407971,2.1386460326351022,2.6205026051552753,3.6487584066868224
sim4,person,0.0432024040228384,256.4166667,0.0033014281299428225,0.01669591878719596,0.02208434975818457,0.015046438903382517,0.015140575174795076,22.532486059410648,256.4166667,0.570814871125996,4.904884830074862,2.294263197202626,2.7456069650232044,3.8404233423104444
sim4,person,0.0428637727162072,259.6041667,0.0032827222467408847,0.01625970631391409,0.02184542716368462,0.014797999786134408,0.014889734507861746,22.40568656331236,259.6041667,0.5734183998918985,4.534214561565436,2.3539542917053744,2.637633109960246,3.725802408635304
sim4,person,0.0427577460620371,264.5625,0.003255478787951482,0.01598507788959491,0.02201289926617738,0.014756040782403161,0.014981083599724249,20.63407382241506,259.6041667,0.4955993537140197,4.318584157292073,2.190552961435693,2.4791699978610238,3.5034265145924337
sim5,empty,0.0174836961241186,108.375,0.006678748720946886,0.001956039961673767,0.013130323173461248,0.007418646088275746,0.009148674149460398,8.69063586812463,113.3333333,1.4221310792109625,0.7162371746095169,2.353893582034916,1.5205732339727278,2.05924331725308
sim5,empty,0.0177164691348209,101.6458333,0.006602321311151788,0.0019520937701168629,0.013192109782174834,0.007419428609168052,0.009286951473283319,8.015063435932552,101.6458333,1.308811918022707,0.6454520026282001,2.493488805046524,1.5167041190722061,2.177022385111067
sim5,empty,0.016864597700159,106.25,0.006498165828213479,0.001967901699929945,0.013202558879422038,0.0074004459086711594,0.009244969599634,7.14450498553079,106.9583333,1.347418644136412,0.7024260800583945,2.539754062021725,1.5646598275060293,2.283223166537814
sim5,empty,0.0192417476392933,108.0208333,0.006552646447331752,0.0019218978437821178,0.01302745583420765,0.007333710778511216,0.009090271009284457,8.721899937492731,119.0,1.3449180445384616,0.7024572805477658,2.48994506988745,1.545391997392038,2.1763823940182987
sim5,empty,0.0165135445866805,104.8333333,0.006546398745297154,0.0019450940428428194,0.013047023206443242,0.007347504215924496,0.009066218921754892,6.764623748369118,109.0833333,1.516732694023716,0.6879327318415387,2.4460190435370217,1.5708236112043141,2.1728709856404542
sim5,empty,0.0166233012661221,106.25,0.006597277673034191,0.0019282892551079282,0.013264042058393637,0.007436493802567771,0.009308131423813483,8.29505834395954,95.27083333,1.3577629796482247,0.7679703955447765,2.40718641214245,1.5411543480628502,2.140649532929121
sim5,person,0.0415038357769013,242.9583333,0.006538109213097318,0.011924365469869158,0.012943235351626512,0.0108325001822076,0.010199000329610079,68.30235316922472,242.9583333,1.2672860082556523,16.98879593313266,2.5013201236524254,7.282925584793657,13.274025608972371
sim5,person,0.0404830071226694,242.25,0.006576185800153902,0.012262787443459787,0.01304839372946495,0.011001742674398107,0.010403603630027701,66.75554044642719,242.25,1.343610746481695,17.62918969333758,2.534242155550758,7.5423510337565585,13.707172220538094
sim5,person,0.0411353582396819,244.375,0.0065814900661861405,0.012095852492115592,0.01313542999276246,0.010976702362603038,0.01044295699218252,67.20692276675348,244.375,1.4329030865232188,17.249466429425734,2.573441350286577,7.4472230861537625,13.512434735842994
sim5,person,0.0412329202775297,251.1041667,0.006560634864855564,0.013382683276266948,0.013023558017206092,0.011383916613765116,0.010971948662582921,68.08263389999219,239.0625,1.372558245034573,19.457441445328865,2.408322666269094,8.149235693066112,15.158393100353107
sim5,person,0.0536353843831777,238.7083333,0.006618159959480606,0.015947184794513354,0.013176724201266277,0.012362946051458828,0.012378094123150087,88.57078227260124,238.7083333,1.4090813943436826,23.756223691326753,2.546975033771992,9.729885297997605,18.616254832192634
sim5,person,0.0476875106410249,240.125,0.006593353687137419,0.013402325816811169,0.013190176409391284,0.01146200432259692,0.011054363039151693,78.92801759668623,240.125,1.3491168046748028,19.54919017416934,2.373144086443145,8.162112913756385,15.289542645322891
sim6,empty,0.0495385718468548,182.0416667,0.0012853664733156432,0.022774584178219613,0.003947119668173778,0.009871944588462082,0.011482657655934458,8.933780309790542,182.0416667,0.2598243865660416,1.4896116693963548,0.3697872200178059,0.7354020176547442,1.0467479029226447
sim6,empty,0.0454578396376858,188.7708333,0.0013191847665852115,0.022594792006461067,0.003919223811554848,0.009807247234796677,0.011381633171155654,7.096621046800529,274.4791667,0.2713498082080216,1.622488961268769,0.373560746257121,0.7869110591611495,1.076718139323632
sim6,empty,0.0467343617244723,183.4583333,0.001274612297197293,0.02291176190020036,0.003951428004227014,0.009919083020882805,0.011488053938756734,7.707689858564481,167.875,0.23590352092568626,1.609189081775939,0.3810818449499272,0.7753309933951589,1.1063233796816752
sim6,empty,0.0471924980645801,184.1666667,0.0013086056206336697,0.022462984343558468,0.003962401134193825,0.009773903094462891,0.011260508663903768,9.109819081967785,264.5625,0.2594424285590741,1.5984139184066044,0.3613813141572845,0.7706028722618666,1.0712715968263762
sim6,empty,0.0460325596210386,190.8958333,0.0013025340471985237,0.022812936286288974,0.003958306238330089,0.009894364456366267,0.01150375232588751,7.151557424073442,176.0208333,0.24324922646450792,1.5335811299862558,0.36442420599971953,0.7444051580686711,0.9874854861128355
sim6,empty,0.0471452714535177,185.5833333,0.0012937623934385723,0.022802509349005042,0.003875852640542849,0.009857500009990987,0.01150296295673511,8.609991733737601,198.3333333,0.2569934280467748,1.607144017475994,0.3656625426844859,0.7746164391098445,1.097079062569129
sim6,person,0.0834306231093888,187.0,0.0018521138920231455,0.03445182514825283,0.0039694197632871445,0.014161139394496192,0.018521120066615673,33.12039435691053,198.6875,0.505599041957817,8.420458570364001,0.34837992652097544,3.243487605564914,5.884131900321121
sim6,person,0.0869684486743279,195.8541667,0.001655921747135045,0.03616714302965624,0.004030077089276885,0.014736237928025489,0.019078097646842544,33.41084345416447,195.8541667,0.411184833548746,9.37602687377404,0.39367499539353,3.5722253481837347,6.484136847502608
sim6,person,0.1057044372868246,184.875,0.0021989974479397763,0.04115137729793067,0.003956262654169052,0.01661821733859549,0.02279927489975906,44.613365717560725,184.875,0.7436959386121917,12.646127815611615,0.3629156606123201,4.807063898032037,8.93682766925042
sim6,person,0.1001929697225868,186.6458333,0.0019722712791715837,0.03626497467673371,0.003914259778950032,0.014814035519560823,0.019649223575982547,39.72013381767871,186.6458333,0.5963886523176957,9.362305724639826,0.3474117534258197,3.6007279756185486,6.6690034922795585
sim6,person,0.0960942330975538,190.1875,0.0016770746310829734,0.03799159228081911,0.003903512145802574,0.015339407539485057,0.020354960024936242,38.97956199239804,190.1875,0.449392433058176,10.674870412829907,0.3745625402359459,4.034458159257221,7.386965628780928
sim6,person,0.0938198158476401,184.5208333,0.001702802939383307,0.03747676884487238,0.0039954825225737,0.015198871270380524,0.020142087642517077,36.771016593511426,200.8125,0.4350849426071171,10.203634365455578,0.3633825873732527,3.859870192726265,7.216960932744253
sim7,empty,0.050352014431748,72.95833333,0.01855342261810927,0.0010250519934140077,0.0012925591214486237,0.005916009291963635,0.010659692119507569,11.703208309287403,71.1875,1.694725190084729,0.342696748490456,0.3543720578498725,0.7166099713537394,1.2184178089261841
sim7,empty,0.0522067622672952,68.35416667,0.018608970356563656,0.0010161770900534665,0.0013150775648185025,0.005936463426811865,0.010722446791605623,14.462732526784382,82.52083333,1.8279997428755514,0.32414831371995423,0.34654845576067167,0.7435637573843519,1.393554724344794
sim7,empty,0.0512667877499543,72.60416667,0.01870293891194674,0.0009966593622262989,0.0013475919961324773,0.005967390622474859,0.010764736787466925,13.016578821947466,80.39583333,1.8854573051406982,0.3370544724705252,0.35562151918801843,0.7672162775082367,1.3334868333975143
sim7,empty,0.0534543056783434,73.66666667,0.01851594250688153,0.0010146031521188503,0.0013275728207766842,0.005915144585386242,0.010678701809943465,12.33968129660798,73.66666667,1.7304329385009902,0.3359047986616575,0.3585792052260423,0.7255409353351122,1.220476021600419
sim7,empty,0.0529078842031386,63.75,0.01881649282663815,0.0009784402404806464,0.001323918027718508,0.005983152987932499,0.010911443651738299,12.515835664582777,62.6875,2.050142255763737,0.34970631429496696,0.31596759494595617,0.8018963497394668,1.4490501018149686
sim7,empty,0.0467257246159858,62.6875,0.0186835780219472,0.001023248280488915,0.001352914778643067,0.00597348056913173,0.010733050802556248,10.518036226060271,62.6875,1.948534661913263,0.3363577322598406,0.33375699758796046,0.7760484854209408,1.3107114589813071
sim7,person,0.0484911984178046,63.04166667,0.018211254162555326,0.005556432324084426,0.0013367465128065906,0.007440067590389413,0.010416288795705159,17.13455878729461,216.0416667,1.7851339661976848,4.301103581621689,0.3198152689974269,2.1270575833594036,3.577992316133046
sim7,person,0.0539554971527442,72.25,0.01868157634492132,0.0063386309613869055,0.0013142034526298408,0.007836583096283673,0.010889032912926776,20.90600846913272,215.3333333,1.820305626214854,4.984185223332612,0.33555605153558016,2.3839032426495326,4.190772881332135
sim7,person,0.0517580818454587,67.64583333,0.01880872084192638,0.006412034083626628,0.0013733740692040257,0.007919362058844122,0.010989010981685825,20.740682386746915,217.8125,1.9519738595744538,5.05230693143341,0.36163760294574476,2.4536993424899,4.268223231056404
sim7,person,0.0489981485165542,75.79166667,0.018441085148121844,0.005893791651068126,0.001316995891249031,0.007614714789930348,0.010613999215872348,19.97362232228728,223.8333333,1.831400504952171,4.580424292344714,0.3189100230962773,2.2380591299380024,3.8287136902671137
sim7,person,0.0475199653193601,64.45833333,0.018810609591336618,0.006452916848826395,0.001322804335548687,0.007915444193488844,0.01098976773365904,21.25335059627173,215.6875,1.9908542879612052,5.076060273764188,0.32930836018849846,2.460649923243115,4.303212938231062
sim7,person,0.0458606434035763,68.70833333,0.01869860697098549,0.007182196021864322,0.0013337606861198606,0.008146599155946177,0.011069961579064673,24.740454535005853,221.7083333,1.7705723111681462,5.747208305482131,0.32409025512780615,2.6356303949040276,4.81767113297114
sim8,empty,0.0168532230501893,167.1666667,0.000985889549354465,0.005218189292310524,0.0014062185290480208,0.0026382249442845327,0.0032235058710743383,12.463446437131465,161.5,0.6414562876127143,1.2100569946564377,0.6845501702607886,0.8584502536234443,0.8898495087771668
sim8,empty,0.0171006424229615,161.5,0.0009955687990728505,0.005164174987891707,0.0013766550360093286,0.0026107485142451313,0.003241139455337521,9.006651739641827,162.5625,0.7008496578089254,1.3417466858778309,0.6538862638016205,0.909766940630545,0.9446748724457954
sim8,empty,0.0179351364024588,161.8541667,0.0009566815658193093,0.0051953036260805815,0.0013896140561689156,0.002615956156842145,0.003278330645943333,7.988116168090609,161.8541667,0.6618256776238447,1.2986379485038575,0.6925555864854573,0.8983051793097847,0.9182072196844312
sim8,empty,0.017742642016432,166.1041667,0.0009707356243837205,0.005191854003446667,0.0013979591205783878,0.002621694223565304,0.0032709881233510467,7.153694793801457,169.2916667,0.6613500810000404,1.2212709479350596,0.7067385407238304,0.8761338122806289,0.843518642849795
sim8,empty,0.0178756165520068,161.5,0.0010427652083256722,0.005111632839832652,0.0013829629021778259,0.0026074389104962757,0.003215732986784084,8.935340734884628,168.2291667,0.6736342787678641,1.2773461254551974,0.6651142155670422,0.8837649743357484,0.9360023733540885
sim8,empty,0.0167027689873166,163.625,0.0010390963139905477,0.005144043961132899,0.0013992299265599042,0.0026239610313400718,0.003218169480855038,7.318981311991726,162.2083333,0.6751104458579996,1.1871057584107323,0.6813635607407486,0.8583499525161915,0.8325021110174077
sim8,person,0.0764699524791681,171.7708333,0.005253240816144214,0.025476304618164573,0.0013718301581950225,0.010949663380557044,0.016652386706087003,117.2817553334495,171.7708333,8.000994177595187,37.18856968192898,0.6721307488686722,15.577828509068562,27.0421632842518
sim8,person,0.0578309814392421,168.9375,0.004789779297912492,0.020214481695440708,0.0013946101743716607,0.008972311005583884,0.013234464580532889,83.99534678085432,177.7916667,7.155289217624436,27.695909473574947,0.6783783979484201,11.994928335381237,20.514102739591277
sim8,person,0.0780839524656155,172.125,0.004679577242685962,0.0276868314353041,0.00138454195761302,0.011578660550983805,0.017968960523493355,127.31240281229968,183.1041667,7.026586449559219,41.22194255162018,0.7052023952645702,16.74896222535076,29.534931577713746
sim8,person,0.0679872722880653,170.7083333,0.003781889636042187,0.023215160890923056,0.0014551472873863055,0.009779661669268566,0.01452894433490295,101.93580030696039,170.7083333,5.4455200343671954,33.091863694654926,0.6880479641597452,13.437771888124743,23.33132659636973
sim8,person,0.080140123190001,170.7083333,0.0059951940152446915,0.026118003684125108,0.0014155814966181361,0.011395531424628525,0.017653387168876836,124.00736815121522,170.7083333,9.347384037287078,38.33361655466547,0.6907477733440217,16.357375321555367,28.72289870384454
sim8,person,0.0734701603842125,178.1458333,0.004836444160882712,0.02698416328784418,0.0014409095552709616,0.011394305332980711,0.017340383014808333,122.56412962372339,184.5208333,7.2669667620060485,39.844936317372486,0.7044706352794197,16.32785078425758,28.498258442509037
